show_id,title,genre,release_year
1,Midnight Season,Thriller,2017
2,Signal Road,Action,2001
3,Signal Files,Drama,2014
4,Kingdom Road,Romance,1999
5,Empire City,Documentary,2019
6,Frontier Stories,Crime,2019
7,Frontier House,Drama,2018
8,Archive Run,Comedy,2017
9,Circuit Season,Romance,2009
10,Empire Dreams,Horror,1996
11,Empire Dreams 11,Action,2008
12,Circuit Season 12,Drama,2015
13,Frontier Stories 13,Action,1993
14,Kingdom City,Horror,2008
15,Empire Run,Horror,2004
16,Witness Road,Documentary,1998
17,Witness Diaries,Crime,1992
18,Frontier City,Drama,2013
19,Circuit Files,Drama,2008
20,Archive Dreams,Comedy,1998
21,Voyage Protocol,Action,2007
22,Signal Season,Crime,2020
23,Frontier Protocol,Horror,2019
24,Legacy Files,Sci-Fi,2004
25,Witness Dreams,Animation,2025
26,Archive Diaries,Sci-Fi,1990
27,Frontier House 27,Drama,2013
28,Witness Season,Action,2013
29,Legacy Road,Romance,2025
30,Archive Run 30,Comedy,1994
31,Witness City,Crime,2009
32,Witness Dreams 32,Drama,1992
33,Midnight Season 33,Animation,1997
34,Legacy Road 34,Crime,1998
35,Pulse City,Thriller,2024
36,Pulse Run,Sci-Fi,1999
37,Pulse Diaries,Horror,2016
38,Frontier Stories 38,Documentary,2003
39,Horizon City,Animation,2013
40,Legacy Protocol,Action,2012
41,Midnight Dreams,Comedy,1997
42,Horizon Diaries,Documentary,1991
43,Midnight Protocol,Comedy,1998
44,Kingdom Road 44,Drama,2025
45,Empire Run 45,Comedy,2004
46,Archive Files,Sci-Fi,1990
47,Frontier Files,Animation,2024
48,Frontier Files 48,Drama,1991
49,Signal Stories,Thriller,2005
50,Kingdom Protocol,Drama,2006
51,Midnight Files,Sci-Fi,2023
52,Legacy Diaries,Romance,2013
53,Voyage Run,Drama,2022
54,Empire Run 54,Drama,2023
55,Frontier City 55,Documentary,1991
56,Midnight City,Horror,2017
57,Witness Diaries 57,Romance,2018
58,Legacy Diaries 58,Thriller,1999
59,Legacy Files 59,Comedy,2025
60,Circuit Protocol,Thriller,2023
61,Frontier City 61,Romance,2017
62,Legacy Diaries 62,Horror,2025
63,Circuit Road,Romance,2004
64,Pulse Protocol,Horror,2015
65,Pulse Diaries 65,Thriller,2010
66,Witness Season 66,Thriller,1999
67,Witness City 67,Drama,1995
68,Legacy Dreams,Drama,2013
69,Signal House,Drama,2025
70,Voyage Protocol 70,Documentary,2016
71,Archive Dreams 71,Horror,1993
72,Frontier Run,Thriller,1996
73,Kingdom House,Comedy,2020
74,Empire Diaries,Thriller,2025
75,Archive Diaries 75,Sci-Fi,2004
76,Pulse House,Animation,2025
77,Midnight Run,Crime,2007
78,Midnight Files 78,Comedy,2009
79,Archive Protocol,Drama,1999
80,Kingdom Dreams,Drama,1991
81,Legacy House,Comedy,2016
82,Horizon Protocol,Drama,2009
83,Circuit Protocol 83,Sci-Fi,1995
84,Midnight Files 84,Drama,1993
85,Witness Diaries 85,Comedy,2017
86,Horizon Run,Romance,2007
87,Empire House,Drama,2017
88,Legacy Season,Documentary,2021
89,Voyage Season,Drama,2015
90,Kingdom Stories,Drama,2009
91,Empire Files,Sci-Fi,2008
92,Archive Diaries 92,Drama,2017
93,Signal Files 93,Thriller,2004
94,Voyage House,Horror,2012
95,Legacy Dreams 95,Horror,1992
96,Pulse Stories,Romance,1994
97,Archive Run 97,Romance,2015
98,Circuit Dreams,Comedy,2015
99,Midnight Protocol 99,Comedy,2019
100,Circuit Protocol 100,Drama,1996
101,Empire Dreams 101,Action,2023
102,Legacy Dreams 102,Crime,2011
103,Empire Protocol,Sci-Fi,1994
104,Voyage Diaries,Action,2002
105,Archive Protocol 105,Sci-Fi,1999
106,Empire Diaries 106,Drama,2002
107,Signal Run,Drama,1994
108,Signal City,Romance,2018
109,Witness Run,Documentary,2010
110,Witness Protocol,Drama,1994
111,Horizon City 111,Documentary,2007
112,Kingdom Stories 112,Thriller,1994
113,Frontier City 113,Romance,1993
114,Archive Season,Drama,1995
115,Kingdom Run,Romance,2019
116,Kingdom House 116,Animation,1992
117,Horizon Run 117,Documentary,2010
118,Kingdom City 118,Romance,1993
119,Horizon Diaries 119,Horror,2011
120,Circuit Diaries,Romance,2001
121,Midnight Road,Documentary,2018
122,Voyage House 122,Action,2013
123,Archive Season 123,Thriller,2011
124,Witness Run 124,Drama,2011
125,Legacy Protocol 125,Drama,2014
126,Frontier Season,Sci-Fi,1999
127,Archive Diaries 127,Action,1999
128,Archive Season 128,Animation,2015
129,Signal Run 129,Documentary,1995
130,Frontier House 130,Thriller,2011
131,Signal House 131,Drama,2017
132,Voyage Protocol 132,Drama,2009
133,Signal Road 133,Thriller,2021
134,Empire Road,Animation,1999
135,Legacy Season 135,Horror,1996
136,Voyage House 136,Horror,2023
137,Midnight Protocol 137,Crime,1998
138,Kingdom Dreams 138,Drama,2001
139,Circuit Run,Horror,2000
140,Circuit City,Drama,2013
141,Witness Road 141,Animation,2008
142,Circuit City 142,Comedy,2005
143,Frontier City 143,Crime,2002
144,Archive Run 144,Animation,2019
145,Frontier Dreams,Romance,2016
146,Signal Road 146,Horror,1998
147,Frontier Stories 147,Documentary,2013
148,Voyage Diaries 148,Documentary,2023
149,Legacy Season 149,Drama,2000
150,Frontier City 150,Crime,1999
151,Pulse Diaries 151,Animation,2004
152,Horizon Protocol 152,Crime,2016
153,Midnight Dreams 153,Romance,2005
154,Pulse Diaries 154,Thriller,1991
155,Archive Diaries 155,Horror,2011
156,Signal Files 156,Drama,2020
157,Circuit Files 157,Sci-Fi,2020
158,Horizon Run 158,Drama,1995
159,Midnight Season 159,Comedy,1999
160,Voyage Run 160,Action,1997
161,Frontier Road,Comedy,1993
162,Empire Dreams 162,Documentary,2019
163,Legacy Diaries 163,Horror,2021
164,Kingdom House 164,Drama,2022
165,Kingdom Road 165,Documentary,2008
166,Pulse Stories 166,Action,2005
167,Kingdom Dreams 167,Comedy,1995
168,Voyage Protocol 168,Drama,2023
169,Voyage House 169,Sci-Fi,2022
170,Voyage Stories,Thriller,2020
171,Midnight Dreams 171,Animation,2006
172,Circuit Stories,Thriller,1994
173,Archive Road,Sci-Fi,1996
174,Kingdom Protocol 174,Drama,2012
175,Voyage Protocol 175,Horror,2001
176,Witness City 176,Animation,2020
177,Witness Files,Horror,1994
178,Circuit City 178,Drama,2002
179,Midnight Road 179,Crime,2010
180,Frontier House 180,Thriller,2024
181,Horizon Season,Drama,2002
182,Frontier Protocol 182,Horror,1993
183,Witness Protocol 183,Comedy,2013
184,Pulse Dreams,Sci-Fi,2014
185,Archive Files 185,Romance,2021
186,Archive House,Comedy,1995
187,Circuit Dreams 187,Drama,2001
188,Voyage Season 188,Thriller,1995
189,Archive Season 189,Comedy,2017
190,Signal City 190,Thriller,1992
191,Circuit Protocol 191,Action,2017
192,Frontier Stories 192,Drama,2015
193,Archive House 193,Horror,2000
194,Midnight Files 194,Horror,2018
195,Midnight Files 195,Drama,2013
196,Archive Dreams 196,Animation,1992
197,Kingdom Files,Documentary,2013
198,Archive City,Sci-Fi,1998
199,Voyage Protocol 199,Thriller,2007
200,Empire Diaries 200,Drama,2001
201,Horizon House,Thriller,2025
202,Legacy Season 202,Sci-Fi,2018
203,Empire Run 203,Comedy,2021
204,Empire Diaries 204,Drama,1994
205,Horizon Files,Crime,2018
206,Legacy Protocol 206,Documentary,1994
207,Voyage House 207,Comedy,2009
208,Signal Files 208,Sci-Fi,2022
209,Empire Diaries 209,Animation,1998
210,Empire City 210,Drama,2025
211,Kingdom Protocol 211,Romance,2025
212,Signal Run 212,Crime,1994
213,Frontier Dreams 213,Animation,2020
214,Voyage Dreams,Sci-Fi,1994
215,Signal Protocol,Documentary,2018
216,Horizon House 216,Thriller,2025
217,Witness Run 217,Comedy,1998
218,Pulse House 218,Crime,1993
219,Legacy House 219,Drama,2000
220,Signal Protocol 220,Crime,2004
221,Archive House 221,Crime,1995
222,Frontier Road 222,Documentary,2025
223,Frontier Files 223,Documentary,2024
224,Legacy House 224,Documentary,1999
225,Signal Run 225,Sci-Fi,2011
226,Kingdom Stories 226,Horror,1991
227,Legacy Stories,Animation,2006
228,Witness Road 228,Sci-Fi,2016
229,Kingdom Stories 229,Romance,2024
230,Frontier Season 230,Romance,2015
231,Frontier City 231,Drama,1993
232,Signal City 232,Thriller,2019
233,Empire Protocol 233,Action,2010
234,Circuit Protocol 234,Sci-Fi,2012
235,Pulse Files,Sci-Fi,2022
236,Voyage Diaries 236,Thriller,2019
237,Legacy Season 237,Romance,1999
238,Legacy Stories 238,Comedy,2014
239,Kingdom Dreams 239,Comedy,2000
240,Archive Run 240,Sci-Fi,2002
241,Signal City 241,Animation,2019
242,Horizon Season 242,Romance,1995
243,Pulse House 243,Romance,2005
244,Empire Run 244,Thriller,1993
245,Frontier City 245,Action,2020
246,Frontier House 246,Drama,1996
247,Pulse Files 247,Crime,2013
248,Pulse Protocol 248,Drama,1993
249,Kingdom House 249,Comedy,2025
250,Frontier Diaries,Thriller,2018
251,Voyage Season 251,Horror,1997
252,Signal Diaries,Thriller,2011
253,Voyage Protocol 253,Sci-Fi,2002
254,Kingdom House 254,Thriller,1992
255,Midnight Stories,Drama,2011
256,Horizon House 256,Romance,2022
257,Signal Protocol 257,Crime,2010
258,Signal Dreams,Animation,2009
259,Kingdom Protocol 259,Romance,2022
260,Voyage City,Documentary,2009
261,Horizon Stories,Thriller,1997
262,Pulse Run 262,Comedy,1991
263,Kingdom City 263,Comedy,2004
264,Circuit Stories 264,Action,2000
265,Voyage Run 265,Sci-Fi,2014
266,Signal Road 266,Drama,1997
267,Empire Stories,Romance,2016
268,Signal Dreams 268,Documentary,2016
269,Voyage Run 269,Crime,1993
270,Circuit Files 270,Action,2025
271,Archive City 271,Action,2010
272,Signal City 272,Crime,2011
273,Voyage Protocol 273,Documentary,2006
274,Kingdom City 274,Comedy,2005
275,Frontier House 275,Comedy,2009
276,Frontier Road 276,Documentary,2021
277,Archive City 277,Thriller,2007
278,Frontier Diaries 278,Action,2024
279,Pulse Dreams 279,Horror,1999
280,Frontier Stories 280,Comedy,1995
281,Archive City 281,Documentary,2020
282,Empire Road 282,Horror,2007
283,Voyage Season 283,Drama,2005
284,Empire Stories 284,Documentary,2023
285,Empire Road 285,Drama,2016
286,Archive City 286,Drama,1998
287,Midnight House,Animation,2000
288,Pulse City 288,Romance,2002
289,Frontier Protocol 289,Comedy,1993
290,Legacy Run,Comedy,1992
291,Signal Dreams 291,Crime,2001
292,Midnight Dreams 292,Sci-Fi,2001
293,Circuit Season 293,Crime,1990
294,Frontier Run 294,Action,2011
295,Frontier City 295,Animation,2024
296,Voyage City 296,Crime,1998
297,Voyage City 297,Comedy,1997
298,Archive Files 298,Sci-Fi,2006
299,Circuit Files 299,Drama,2011
300,Frontier Run 300,Documentary,2002
301,Signal Run 301,Horror,2015
302,Pulse House 302,Thriller,2015
303,Witness Diaries 303,Comedy,1998
304,Horizon Protocol 304,Crime,1990
305,Frontier Dreams 305,Comedy,2007
306,Archive Season 306,Action,1990
307,Frontier Protocol 307,Documentary,1993
308,Witness Diaries 308,Romance,2000
309,Pulse House 309,Crime,2009
310,Circuit Diaries 310,Documentary,2008
311,Archive Run 311,Comedy,1998
312,Horizon Files 312,Romance,2013
313,Pulse House 313,Crime,2024
314,Witness Road 314,Sci-Fi,1995
315,Voyage City 315,Action,2013
316,Legacy Run 316,Drama,2025
317,Voyage Road,Action,1999
318,Signal Protocol 318,Horror,2018
319,Legacy Road 319,Documentary,2021
320,Legacy House 320,Romance,1993
321,Horizon Files 321,Action,2019
322,Kingdom Stories 322,Action,2009
323,Circuit Stories 323,Thriller,1990
324,Circuit Road 324,Action,1992
325,Pulse Protocol 325,Documentary,2024
326,Midnight Diaries,Animation,2020
327,Midnight Season 327,Thriller,1998
328,Witness Dreams 328,Thriller,2014
329,Horizon Dreams,Thriller,2024
330,Signal Protocol 330,Drama,2024
331,Pulse House 331,Drama,2004
332,Midnight Stories 332,Animation,2019
333,Witness House,Romance,2014
334,Empire Road 334,Romance,1999
335,Frontier Road 335,Crime,1997
336,Midnight Dreams 336,Action,1991
337,Empire Road 337,Drama,1992
338,Horizon Run 338,Documentary,1993
339,Empire Stories 339,Thriller,2004
340,Voyage Road 340,Sci-Fi,1993
341,Signal House 341,Animation,2004
342,Circuit Run 342,Thriller,2010
343,Empire Season,Crime,2023
344,Empire Dreams 344,Comedy,1993
345,Voyage Run 345,Crime,2001
346,Witness Dreams 346,Action,1993
347,Archive Dreams 347,Sci-Fi,2010
348,Circuit Dreams 348,Thriller,2009
349,Pulse Files 349,Sci-Fi,2020
350,Empire Road 350,Comedy,1999
