user_id,genre_rank,genre,sessions,total_watch_minutes,avg_rating
1,1,Horror,10,1105,3.8
1,2,Drama,7,797,3.86
1,3,Sci-Fi,6,548,4.33
2,1,Sci-Fi,12,929,3.08
2,2,Thriller,6,483,4.0
2,3,Crime,4,380,3.5
3,1,Sci-Fi,21,1823,4.0
3,2,Romance,12,1277,3.33
3,3,Action,7,644,4.43
4,1,Documentary,5,639,3.8
4,2,Romance,7,560,4.0
4,3,Comedy,5,471,3.8
5,1,Documentary,11,1255,3.91
5,2,Horror,11,995,4.0
5,3,Comedy,6,480,2.5
6,1,Romance,6,711,4.0
6,2,Crime,3,439,5.0
6,3,Drama,4,341,4.0
7,1,Action,5,659,4.6
7,2,Sci-Fi,5,619,4.0
7,3,Romance,1,130,3.0
8,1,Crime,4,404,3.5
8,2,Romance,3,370,3.0
8,3,Comedy,4,319,3.75
9,1,Horror,12,1377,3.83
9,2,Romance,10,792,4.1
9,3,Documentary,4,426,3.5
10,1,Action,8,736,4.13
10,2,Romance,5,565,3.2
10,3,Documentary,3,403,3.67
11,1,Comedy,8,870,3.5
11,2,Horror,6,723,4.0
11,3,Romance,6,607,4.33
12,1,Sci-Fi,8,647,4.25
12,2,Romance,4,359,4.5
12,3,Animation,3,272,4.33
13,1,Crime,7,733,3.14
13,2,Romance,8,721,3.63
13,3,Documentary,7,615,3.71
14,1,Action,7,725,3.71
14,2,Horror,8,723,3.63
14,3,Sci-Fi,4,490,2.5
15,1,Documentary,10,1034,3.9
15,2,Action,5,490,3.8
15,3,Comedy,3,412,2.33
16,1,Action,7,694,4.43
16,2,Horror,4,487,3.25
16,3,Documentary,3,443,4.33
17,1,Comedy,10,1282,4.3
17,2,Horror,3,279,4.0
17,3,Action,2,224,2.5
18,1,Romance,11,1104,4.09
18,2,Documentary,10,858,4.1
18,3,Crime,2,217,2.0
19,1,Documentary,16,1593,3.69
19,2,Drama,12,1128,4.17
19,3,Sci-Fi,10,1064,3.9
20,1,Animation,14,1229,3.14
20,2,Romance,8,806,3.75
20,3,Action,4,316,3.0
21,1,Action,12,1236,3.75
21,2,Drama,9,714,4.22
21,3,Romance,2,251,2.0
22,1,Action,9,924,3.33
22,2,Thriller,7,848,3.57
22,3,Drama,1,163,2.0
23,1,Documentary,11,1154,3.45
23,2,Sci-Fi,9,828,3.44
23,3,Animation,2,253,2.0
24,1,Romance,6,585,3.17
24,2,Animation,6,512,4.0
24,3,Horror,2,117,4.0
25,1,Action,8,755,4.13
25,2,Crime,7,604,3.86
25,3,Documentary,2,237,5.0
26,1,Horror,14,1399,4.0
26,2,Crime,7,608,4.29
26,3,Animation,4,526,4.5
27,1,Thriller,13,1275,3.77
27,2,Documentary,6,727,3.67
27,3,Animation,5,472,3.2
28,1,Thriller,10,1086,3.9
28,2,Comedy,2,277,3.0
28,3,Crime,2,173,3.5
29,1,Drama,8,864,3.88
29,2,Thriller,7,725,3.71
29,3,Crime,6,433,4.33
30,1,Crime,11,1396,3.55
30,2,Drama,10,1077,2.9
30,3,Comedy,7,627,3.86
31,1,Drama,8,827,4.13
31,2,Animation,3,348,3.67
31,3,Sci-Fi,2,236,4.5
32,1,Thriller,12,1150,3.67
32,2,Romance,8,870,4.75
32,3,Comedy,5,516,3.8
33,1,Thriller,9,901,4.22
33,2,Drama,6,466,3.5
33,3,Romance,4,408,4.0
34,1,Crime,9,712,3.33
34,2,Horror,9,686,3.89
34,3,Documentary,4,457,4.25
35,1,Drama,6,556,3.83
35,2,Horror,6,519,4.33
35,3,Crime,4,299,4.25
36,1,Animation,7,547,4.29
36,2,Drama,4,443,4.25
36,3,Sci-Fi,4,368,3.25
37,1,Drama,12,1147,3.75
37,2,Animation,9,731,3.33
37,3,Action,6,506,3.83
38,1,Crime,6,546,3.67
38,2,Action,4,370,3.75
38,3,Drama,3,285,4.67
39,1,Sci-Fi,11,1165,3.09
39,2,Crime,10,1152,3.1
39,3,Thriller,7,559,3.43
40,1,Comedy,11,1110,4.45
40,2,Animation,5,592,4.4
40,3,Thriller,2,283,3.0
41,1,Romance,12,1128,3.42
41,2,Action,5,599,4.0
41,3,Animation,7,515,4.29
42,1,Sci-Fi,5,502,3.6
42,2,Action,5,426,3.0
42,3,Documentary,5,394,4.4
43,1,Sci-Fi,6,639,4.33
43,2,Comedy,6,489,2.67
43,3,Documentary,5,312,3.6
44,1,Horror,11,1021,3.55
44,2,Romance,10,840,4.4
44,3,Crime,4,374,4.25
45,1,Comedy,8,886,3.63
45,2,Action,5,587,4.4
45,3,Drama,4,496,3.5
46,1,Sci-Fi,5,424,4.6
46,2,Comedy,3,424,3.67
46,3,Crime,3,376,3.67
47,1,Sci-Fi,14,1179,3.71
47,2,Crime,10,960,3.8
47,3,Horror,9,906,3.67
48,1,Drama,16,1883,3.38
48,2,Animation,12,1193,3.75
48,3,Thriller,7,792,4.0
49,1,Sci-Fi,10,1014,3.7
49,2,Comedy,7,786,4.14
49,3,Horror,3,400,4.67
50,1,Drama,12,1003,3.17
50,2,Documentary,9,909,4.11
50,3,Comedy,8,692,3.38
51,1,Animation,6,684,3.67
51,2,Romance,4,346,4.25
51,3,Drama,2,297,3.5
52,1,Action,13,1114,3.85
52,2,Drama,4,466,3.75
52,3,Comedy,5,425,4.0
53,1,Action,13,1175,3.92
53,2,Crime,8,712,4.38
53,3,Drama,4,274,3.75
54,1,Thriller,9,897,3.56
54,2,Drama,7,835,4.0
54,3,Documentary,4,328,4.25
55,1,Thriller,11,1065,3.82
55,2,Romance,10,932,4.0
55,3,Sci-Fi,5,550,4.6
56,1,Action,13,1438,3.54
56,2,Thriller,5,598,4.2
56,3,Comedy,5,545,3.8
57,1,Animation,14,1170,3.57
57,2,Romance,6,676,4.17
57,3,Sci-Fi,7,647,4.43
58,1,Documentary,9,818,3.56
58,2,Crime,8,579,3.38
58,3,Sci-Fi,5,517,4.0
59,1,Thriller,9,772,3.11
59,2,Comedy,8,684,3.5
59,3,Documentary,5,417,4.0
60,1,Drama,14,1406,2.79
60,2,Comedy,7,757,2.71
60,3,Sci-Fi,2,196,5.0
61,1,Comedy,9,852,3.78
61,2,Romance,5,361,3.8
61,3,Documentary,3,283,4.67
62,1,Animation,10,1080,4.0
62,2,Sci-Fi,7,937,3.71
62,3,Documentary,4,597,4.75
63,1,Drama,10,773,3.4
63,2,Animation,3,336,2.33
63,3,Thriller,3,332,2.0
64,1,Romance,6,598,4.0
64,2,Documentary,6,536,3.67
64,3,Horror,5,534,4.2
65,1,Crime,12,1526,4.17
65,2,Sci-Fi,8,690,3.75
65,3,Animation,4,370,4.0
66,1,Thriller,13,1268,4.0
66,2,Sci-Fi,7,754,4.14
66,3,Comedy,6,575,4.0
67,1,Action,5,634,4.6
67,2,Animation,3,374,4.33
67,3,Romance,5,291,2.8
68,1,Comedy,9,919,3.11
68,2,Animation,6,714,3.5
68,3,Action,3,330,3.0
69,1,Thriller,6,633,3.17
69,2,Sci-Fi,5,492,3.8
69,3,Drama,2,238,1.5
70,1,Sci-Fi,7,704,4.57
70,2,Documentary,7,695,4.14
70,3,Crime,6,643,4.5
71,1,Comedy,10,1022,4.0
71,2,Animation,3,383,3.67
71,3,Drama,2,323,4.0
72,1,Action,8,864,3.63
72,2,Documentary,6,435,3.83
72,3,Animation,3,326,3.33
73,1,Action,8,712,3.88
73,2,Comedy,8,654,3.88
73,3,Thriller,6,618,4.83
74,1,Thriller,12,1193,3.58
74,2,Sci-Fi,7,699,3.86
74,3,Comedy,3,296,3.67
75,1,Sci-Fi,11,917,2.82
75,2,Horror,8,912,3.88
75,3,Crime,7,590,3.57
76,1,Comedy,13,1224,4.31
76,2,Drama,8,796,3.13
76,3,Action,2,291,2.5
77,1,Documentary,8,1140,3.88
77,2,Crime,5,520,4.8
77,3,Comedy,5,469,2.8
78,1,Documentary,7,567,3.71
78,2,Sci-Fi,4,384,4.25
78,3,Animation,2,246,2.0
79,1,Drama,17,1503,3.41
79,2,Action,12,1033,4.33
79,3,Sci-Fi,2,227,4.5
80,1,Sci-Fi,14,1252,3.79
80,2,Romance,7,757,3.57
80,3,Comedy,7,506,4.14
81,1,Animation,7,632,3.71
81,2,Thriller,5,632,3.8
81,3,Crime,5,488,4.0
82,1,Sci-Fi,8,807,4.25
82,2,Crime,8,618,4.25
82,3,Drama,3,325,3.0
83,1,Action,8,739,3.0
83,2,Thriller,5,446,3.6
83,3,Animation,3,303,3.33
84,1,Thriller,11,1115,3.82
84,2,Horror,8,740,3.25
84,3,Animation,3,405,3.33
85,1,Thriller,7,642,3.71
85,2,Action,4,465,4.25
85,3,Comedy,3,394,4.0
86,1,Horror,5,559,4.0
86,2,Action,8,534,3.88
86,3,Sci-Fi,4,336,4.25
87,1,Documentary,10,949,3.1
87,2,Comedy,8,621,3.5
87,3,Action,5,583,3.6
88,1,Horror,12,1189,3.75
88,2,Romance,11,965,4.0
88,3,Animation,6,591,3.83
89,1,Horror,5,665,4.2
89,2,Sci-Fi,3,400,2.33
89,3,Comedy,4,353,3.5
90,1,Action,16,1409,3.25
90,2,Drama,9,985,4.33
90,3,Sci-Fi,6,827,3.5
91,1,Documentary,18,1827,3.44
91,2,Sci-Fi,11,1201,3.91
91,3,Animation,6,716,4.0
92,1,Horror,13,1124,3.69
92,2,Documentary,10,953,3.5
92,3,Sci-Fi,3,351,4.0
93,1,Animation,8,868,4.0
93,2,Thriller,6,511,3.83
93,3,Sci-Fi,4,258,2.25
94,1,Documentary,22,2018,3.73
94,2,Romance,9,962,4.22
94,3,Horror,7,740,3.43
95,1,Documentary,8,751,4.13
95,2,Thriller,4,487,4.25
95,3,Romance,2,259,3.5
96,1,Documentary,9,978,3.78
96,2,Horror,5,460,4.6
96,3,Action,5,349,2.8
97,1,Thriller,4,572,3.5
97,2,Animation,7,569,3.29
97,3,Documentary,6,429,3.5
98,1,Sci-Fi,6,663,3.67
98,2,Action,6,408,4.0
98,3,Comedy,4,360,2.25
99,1,Documentary,12,933,4.17
99,2,Romance,3,304,4.0
99,3,Thriller,3,280,4.0
100,1,Animation,16,1431,4.31
100,2,Thriller,8,653,3.5
100,3,Crime,7,642,4.14
101,1,Crime,8,420,3.5
101,2,Horror,2,258,3.5
101,3,Drama,2,160,4.0
102,1,Romance,13,1265,3.31
102,2,Horror,7,951,4.0
102,3,Action,5,487,4.4
103,1,Comedy,13,1271,3.85
103,2,Sci-Fi,6,531,4.33
103,3,Animation,2,246,1.5
104,1,Thriller,7,686,3.57
104,2,Action,6,599,3.83
104,3,Romance,4,380,4.25
105,1,Thriller,10,965,4.6
105,2,Action,5,448,3.8
105,3,Sci-Fi,3,411,4.67
106,1,Sci-Fi,32,2981,3.63
106,2,Comedy,18,2062,4.0
106,3,Horror,10,1006,3.0
107,1,Horror,15,1644,3.87
107,2,Sci-Fi,12,1373,3.17
107,3,Animation,15,1225,3.4
108,1,Crime,11,1237,3.64
108,2,Animation,4,494,3.5
108,3,Sci-Fi,3,327,5.0
109,1,Documentary,16,1521,3.81
109,2,Drama,13,1198,4.23
109,3,Crime,10,1056,3.8
110,1,Crime,8,765,4.13
110,2,Comedy,5,537,4.0
110,3,Animation,2,182,5.0
111,1,Romance,18,1800,4.17
111,2,Documentary,11,886,4.0
111,3,Thriller,5,533,2.6
112,1,Animation,5,612,3.6
112,2,Drama,3,252,2.33
112,3,Sci-Fi,3,238,4.33
113,1,Sci-Fi,4,365,3.0
113,2,Action,3,288,2.67
113,3,Horror,1,165,3.0
114,1,Comedy,6,603,4.67
114,2,Drama,4,524,3.25
114,3,Action,4,471,3.75
115,1,Romance,11,1128,3.82
115,2,Animation,9,916,3.56
115,3,Horror,3,294,1.67
116,1,Documentary,9,792,3.78
116,2,Horror,6,719,3.0
116,3,Comedy,4,447,2.25
117,1,Horror,18,1726,3.44
117,2,Crime,8,849,3.75
117,3,Thriller,4,398,4.0
118,1,Documentary,9,1116,3.44
118,2,Drama,6,706,3.67
118,3,Horror,2,232,4.5
119,1,Comedy,11,1136,4.09
119,2,Action,2,275,4.0
119,3,Sci-Fi,3,145,3.0
120,1,Comedy,6,685,3.5
120,2,Thriller,6,621,3.17
120,3,Animation,6,590,3.17
121,1,Documentary,8,874,4.0
121,2,Action,5,528,2.6
121,3,Animation,4,394,3.5
122,1,Horror,13,1561,3.85
122,2,Romance,5,520,4.2
122,3,Animation,5,469,3.4
123,1,Documentary,11,1117,3.91
123,2,Comedy,4,475,4.75
123,3,Horror,3,391,4.33
124,1,Horror,23,2342,3.74
124,2,Animation,15,1486,3.67
124,3,Documentary,8,1030,4.0
125,1,Action,8,747,3.38
125,2,Comedy,6,670,3.0
125,3,Drama,3,323,4.67
126,1,Comedy,8,817,4.0
126,2,Drama,4,420,3.5
126,3,Crime,1,152,2.0
127,1,Comedy,16,1657,3.69
127,2,Romance,9,915,3.56
127,3,Thriller,7,846,3.71
128,1,Crime,8,638,3.25
128,2,Thriller,6,615,3.5
128,3,Animation,3,314,4.33
129,1,Documentary,5,444,3.4
129,2,Crime,3,329,3.33
129,3,Thriller,2,222,3.5
130,1,Horror,10,1104,3.7
130,2,Romance,6,601,3.83
130,3,Sci-Fi,5,600,4.2
131,1,Thriller,9,945,4.11
131,2,Sci-Fi,5,286,3.2
131,3,Crime,2,275,2.0
132,1,Drama,12,1244,3.5
132,2,Sci-Fi,6,822,4.0
132,3,Romance,5,431,3.0
133,1,Sci-Fi,8,859,3.63
133,2,Horror,6,771,4.33
133,3,Crime,3,404,4.33
134,1,Crime,10,1022,4.0
134,2,Drama,10,969,3.4
134,3,Romance,8,630,3.88
135,1,Action,15,1447,3.73
135,2,Comedy,7,660,3.71
135,3,Crime,5,505,4.2
136,1,Crime,6,586,4.67
136,2,Documentary,5,391,4.0
136,3,Comedy,3,362,2.33
137,1,Documentary,29,2643,3.55
137,2,Romance,13,1638,3.77
137,3,Horror,16,1441,3.81
138,1,Comedy,18,1968,4.17
138,2,Action,7,707,4.14
138,3,Horror,5,613,4.0
139,1,Crime,14,1726,4.43
139,2,Documentary,7,797,3.57
139,3,Thriller,2,282,2.5
140,1,Sci-Fi,5,553,4.4
140,2,Comedy,6,461,4.17
140,3,Animation,3,306,4.33
141,1,Documentary,11,1341,4.09
141,2,Animation,9,905,3.56
141,3,Horror,1,58,4.0
142,1,Animation,15,1343,3.8
142,2,Thriller,11,998,3.91
142,3,Action,7,696,4.0
143,1,Animation,6,637,4.67
143,2,Thriller,3,377,4.0
143,3,Comedy,5,324,3.8
144,1,Documentary,20,2001,3.75
144,2,Comedy,13,1380,3.23
144,3,Romance,12,1053,3.42
145,1,Action,13,1304,4.08
145,2,Thriller,7,693,3.86
145,3,Comedy,8,570,4.38
146,1,Documentary,10,1031,3.4
146,2,Sci-Fi,5,528,3.6
146,3,Crime,4,484,2.0
147,1,Sci-Fi,9,1031,4.33
147,2,Animation,7,615,3.43
147,3,Thriller,4,459,3.25
148,1,Sci-Fi,7,702,4.29
148,2,Thriller,7,474,3.71
148,3,Crime,2,245,2.5
149,1,Crime,7,648,4.14
149,2,Thriller,8,564,3.88
149,3,Animation,4,405,4.25
150,1,Horror,10,1019,4.2
150,2,Action,4,554,4.25
150,3,Thriller,5,437,4.4
151,1,Thriller,12,1004,3.67
151,2,Documentary,11,920,3.64
151,3,Horror,6,567,2.17
152,1,Drama,6,741,4.5
152,2,Animation,6,586,4.17
152,3,Romance,1,159,1.0
153,1,Drama,8,883,3.63
153,2,Thriller,5,577,3.8
153,3,Horror,6,576,3.83
154,1,Romance,10,1036,4.6
154,2,Sci-Fi,7,693,3.43
154,3,Horror,4,346,3.75
155,1,Sci-Fi,6,802,3.83
155,2,Horror,4,438,4.75
155,3,Animation,3,295,3.0
156,1,Horror,17,1682,4.06
156,2,Animation,11,1070,3.55
156,3,Thriller,2,277,5.0
157,1,Drama,8,958,4.25
157,2,Comedy,8,902,4.13
157,3,Documentary,1,139,1.0
158,1,Action,9,1015,4.78
158,2,Comedy,6,583,3.33
158,3,Animation,4,554,3.75
159,1,Romance,12,1175,3.67
159,2,Crime,7,446,3.29
159,3,Action,3,292,2.33
160,1,Thriller,10,1149,3.7
160,2,Horror,5,501,3.8
160,3,Romance,1,124,5.0
161,1,Crime,9,611,3.44
161,2,Animation,4,238,3.0
161,3,Comedy,3,235,2.67
162,1,Comedy,7,700,4.0
162,2,Animation,5,192,3.6
162,3,Action,2,182,3.5
163,1,Crime,7,835,4.0
163,2,Drama,3,304,4.67
163,3,Documentary,4,298,2.0
164,1,Crime,5,640,3.2
164,2,Horror,5,621,4.2
164,3,Romance,6,561,3.67
165,1,Comedy,9,920,3.33
165,2,Sci-Fi,5,484,2.8
165,3,Action,2,209,3.0
166,1,Action,7,751,3.43
166,2,Drama,6,697,4.33
166,3,Horror,3,227,3.67
167,1,Documentary,8,767,4.38
167,2,Action,6,703,4.0
167,3,Comedy,7,655,3.29
168,1,Horror,3,310,4.0
168,2,Sci-Fi,1,143,2.0
168,3,Comedy,3,142,3.67
169,1,Romance,25,2530,3.64
169,2,Sci-Fi,17,1525,3.18
169,3,Documentary,16,1505,3.38
170,1,Thriller,14,1485,3.86
170,2,Animation,5,512,4.6
170,3,Romance,4,463,3.0
171,1,Romance,16,1525,4.13
171,2,Drama,7,791,4.29
171,3,Crime,3,225,2.0
172,1,Crime,9,1068,3.56
172,2,Thriller,8,756,3.38
172,3,Action,7,593,4.14
173,1,Action,5,648,4.6
173,2,Crime,3,398,3.0
173,3,Documentary,5,381,4.0
174,1,Animation,14,1544,3.93
174,2,Action,5,471,3.4
174,3,Comedy,2,200,3.5
175,1,Thriller,7,785,4.0
175,2,Drama,7,649,4.14
175,3,Animation,2,286,2.5
176,1,Action,10,786,3.9
176,2,Thriller,8,731,4.38
176,3,Crime,5,372,4.2
177,1,Documentary,9,883,4.11
177,2,Romance,8,823,4.0
177,3,Thriller,4,435,3.75
178,1,Sci-Fi,12,999,3.5
178,2,Romance,10,946,3.4
178,3,Horror,7,758,3.29
179,1,Thriller,6,569,4.17
179,2,Action,6,491,4.33
179,3,Sci-Fi,4,346,4.0
180,1,Horror,5,534,3.8
180,2,Sci-Fi,5,531,3.8
180,3,Comedy,3,291,4.0
181,1,Sci-Fi,9,961,3.11
181,2,Comedy,9,893,4.44
181,3,Action,5,469,3.4
182,1,Documentary,20,2116,3.7
182,2,Horror,6,566,4.0
182,3,Sci-Fi,4,398,2.25
183,1,Documentary,12,1126,3.67
183,2,Drama,9,660,3.78
183,3,Comedy,3,357,3.33
184,1,Horror,5,672,3.6
184,2,Comedy,4,468,4.0
184,3,Animation,2,229,3.0
185,1,Crime,10,1171,4.1
185,2,Romance,6,563,4.33
185,3,Sci-Fi,5,321,4.0
186,1,Sci-Fi,16,1640,3.31
186,2,Romance,9,908,4.11
186,3,Horror,4,349,3.75
187,1,Action,13,1208,3.92
187,2,Documentary,3,383,3.33
187,3,Animation,5,311,4.4
188,1,Documentary,11,1044,3.45
188,2,Thriller,7,738,2.43
188,3,Crime,4,462,4.25
189,1,Animation,6,639,3.0
189,2,Documentary,3,322,4.67
189,3,Horror,3,294,4.33
190,1,Drama,11,1195,4.36
190,2,Animation,4,374,3.5
190,3,Crime,1,77,4.0
191,1,Drama,11,1134,4.09
191,2,Horror,9,940,3.67
191,3,Documentary,3,434,3.33
192,1,Thriller,10,1000,4.0
192,2,Crime,4,440,3.5
192,3,Horror,1,165,4.0
193,1,Drama,19,1886,3.74
193,2,Sci-Fi,11,963,4.0
193,3,Romance,9,771,3.67
194,1,Action,3,387,2.33
194,2,Animation,5,351,4.4
194,3,Comedy,3,319,3.33
195,1,Action,8,1024,3.75
195,2,Comedy,5,362,4.8
195,3,Documentary,3,275,4.0
196,1,Comedy,8,923,4.0
196,2,Documentary,6,824,2.83
196,3,Action,9,798,3.78
197,1,Sci-Fi,4,459,4.75
197,2,Thriller,3,401,4.0
197,3,Drama,2,238,4.0
198,1,Action,9,692,3.78
198,2,Sci-Fi,4,401,4.5
198,3,Comedy,2,171,3.0
199,1,Comedy,4,441,4.25
199,2,Drama,4,436,4.0
199,3,Animation,3,254,3.67
200,1,Romance,5,472,4.2
200,2,Animation,1,152,3.0
201,1,Thriller,23,2479,3.61
201,2,Romance,10,912,3.7
201,3,Horror,6,506,4.33
202,1,Drama,12,1259,4.33
202,2,Animation,8,599,3.88
202,3,Comedy,1,133,1.0
203,1,Comedy,10,1104,3.6
203,2,Sci-Fi,6,487,4.17
203,3,Crime,3,416,3.67
204,1,Horror,9,752,3.56
204,2,Comedy,7,623,3.86
204,3,Romance,5,485,3.8
205,1,Sci-Fi,8,991,4.25
205,2,Crime,4,558,4.25
205,3,Comedy,3,302,3.33
206,1,Comedy,9,978,3.56
206,2,Crime,4,415,2.25
206,3,Documentary,3,380,2.67
207,1,Action,10,969,3.9
207,2,Thriller,6,623,4.33
207,3,Comedy,2,225,1.5
208,1,Thriller,12,1301,3.5
208,2,Comedy,4,482,3.75
208,3,Animation,4,442,3.5
209,1,Crime,7,711,3.57
209,2,Thriller,4,428,3.5
209,3,Drama,5,419,3.2
210,1,Documentary,10,686,3.5
210,2,Romance,6,551,3.17
210,3,Horror,5,489,4.0
211,1,Thriller,8,671,3.38
211,2,Horror,5,647,4.0
211,3,Sci-Fi,6,481,4.17
212,1,Romance,18,1721,3.83
212,2,Comedy,16,1410,3.94
212,3,Crime,6,636,4.33
213,1,Comedy,8,567,2.38
213,2,Thriller,4,564,4.25
213,3,Sci-Fi,5,447,3.8
214,1,Sci-Fi,9,795,3.78
214,2,Animation,7,740,3.86
214,3,Documentary,8,651,4.25
215,1,Romance,7,937,3.71
215,2,Thriller,8,797,4.5
215,3,Action,5,595,3.6
216,1,Comedy,9,852,4.22
216,2,Romance,7,706,4.14
216,3,Action,4,406,4.25
217,1,Drama,10,906,3.8
217,2,Action,7,709,3.14
217,3,Romance,6,565,3.67
218,1,Crime,11,1177,3.91
218,2,Romance,6,577,3.67
218,3,Animation,2,284,3.5
219,1,Sci-Fi,8,634,3.25
219,2,Drama,6,526,4.0
219,3,Action,3,278,4.0
220,1,Romance,12,1107,4.17
220,2,Sci-Fi,6,600,3.33
220,3,Horror,6,595,3.5
221,1,Comedy,17,2026,4.24
221,2,Romance,11,943,3.36
221,3,Animation,3,392,2.67
222,1,Comedy,9,953,3.44
222,2,Animation,6,717,4.5
222,3,Drama,6,461,4.67
223,1,Documentary,19,1713,4.0
223,2,Animation,11,1113,3.73
223,3,Thriller,7,402,4.0
224,1,Animation,7,806,4.29
224,2,Sci-Fi,8,599,3.5
224,3,Documentary,4,336,4.75
225,1,Crime,10,1054,4.0
225,2,Thriller,9,855,3.78
225,3,Drama,2,212,4.0
226,1,Comedy,4,373,3.5
226,2,Action,3,248,3.0
226,3,Crime,2,199,2.5
227,1,Drama,6,680,3.5
227,2,Action,7,511,4.29
227,3,Comedy,5,511,3.0
228,1,Drama,23,2228,3.78
228,2,Animation,11,976,4.55
228,3,Sci-Fi,9,750,3.33
229,1,Action,20,1888,4.05
229,2,Crime,13,1222,3.92
229,3,Sci-Fi,7,733,3.57
230,1,Comedy,9,1080,4.22
230,2,Animation,8,792,3.75
230,3,Sci-Fi,8,679,2.75
231,1,Crime,14,1501,4.43
231,2,Animation,6,546,2.83
231,3,Thriller,5,500,4.0
232,1,Comedy,8,885,3.63
232,2,Action,7,604,4.43
232,3,Animation,3,322,4.0
233,1,Crime,6,627,4.17
233,2,Romance,5,594,4.4
233,3,Comedy,6,583,3.5
234,1,Thriller,6,563,4.5
234,2,Documentary,3,313,3.0
234,3,Crime,3,282,4.67
235,1,Comedy,9,706,3.89
235,2,Sci-Fi,4,482,3.75
235,3,Drama,2,265,3.0
236,1,Romance,13,1077,3.85
236,2,Sci-Fi,9,994,4.11
236,3,Drama,5,405,2.8
237,1,Sci-Fi,10,915,3.9
237,2,Romance,8,852,2.63
237,3,Comedy,8,763,3.63
238,1,Comedy,8,680,3.88
238,2,Horror,4,330,4.75
238,3,Drama,5,297,3.0
239,1,Action,9,935,4.0
239,2,Thriller,7,907,4.14
239,3,Comedy,3,303,3.67
240,1,Thriller,8,834,3.38
240,2,Drama,5,517,4.2
240,3,Action,2,227,3.0
241,1,Horror,12,1173,3.83
241,2,Thriller,11,779,3.45
241,3,Documentary,5,530,2.8
242,1,Crime,7,696,3.71
242,2,Action,7,687,3.86
242,3,Animation,4,476,4.75
243,1,Thriller,9,991,3.78
243,2,Animation,5,618,3.6
243,3,Documentary,6,590,3.33
244,1,Action,8,827,3.63
244,2,Comedy,8,733,3.13
244,3,Drama,3,315,4.0
245,1,Documentary,5,490,4.2
245,2,Horror,2,311,2.0
245,3,Action,3,267,2.33
246,1,Crime,6,741,4.33
246,2,Comedy,7,628,3.29
246,3,Action,5,431,4.0
247,1,Animation,10,1082,4.5
247,2,Comedy,8,761,4.0
247,3,Horror,7,476,3.86
248,1,Horror,7,708,3.57
248,2,Crime,4,535,3.75
248,3,Sci-Fi,2,283,3.5
249,1,Drama,7,676,3.86
249,2,Horror,7,603,3.57
249,3,Thriller,9,601,3.78
250,1,Documentary,9,838,4.22
250,2,Thriller,7,750,3.0
250,3,Horror,3,382,2.33
251,1,Comedy,6,517,3.83
251,2,Action,2,230,3.0
251,3,Sci-Fi,2,217,2.0
252,1,Crime,8,910,4.0
252,2,Drama,5,447,3.6
252,3,Animation,4,250,4.25
253,1,Drama,9,784,4.11
253,2,Romance,8,722,4.75
253,3,Horror,4,321,2.0
254,1,Horror,8,927,3.88
254,2,Documentary,6,698,4.83
254,3,Sci-Fi,2,194,3.5
255,1,Thriller,17,1745,4.47
255,2,Animation,14,1476,4.0
255,3,Drama,9,1030,4.33
256,1,Crime,7,840,4.29
256,2,Sci-Fi,6,548,4.0
256,3,Romance,3,386,4.0
257,1,Documentary,7,828,4.29
257,2,Romance,8,806,3.38
257,3,Sci-Fi,6,475,3.67
258,1,Documentary,10,1226,4.2
258,2,Comedy,3,247,2.67
258,3,Drama,1,160,1.0
259,1,Comedy,7,725,4.29
259,2,Animation,6,694,4.33
259,3,Documentary,9,685,3.89
260,1,Thriller,5,520,4.0
260,2,Crime,5,427,4.0
260,3,Drama,4,339,2.75
261,1,Romance,18,1657,4.06
261,2,Crime,14,1450,3.79
261,3,Drama,7,855,3.14
262,1,Sci-Fi,13,1155,3.92
262,2,Drama,4,572,1.75
262,3,Comedy,5,517,4.8
263,1,Action,14,1130,4.43
263,2,Animation,6,521,3.67
263,3,Documentary,3,317,4.0
264,1,Comedy,10,1063,3.5
264,2,Crime,7,696,2.29
264,3,Horror,6,690,4.17
265,1,Drama,15,1772,3.67
265,2,Documentary,7,735,4.0
265,3,Romance,7,715,3.71
266,1,Action,10,826,3.9
266,2,Romance,5,483,4.8
266,3,Animation,6,407,4.0
267,1,Horror,7,665,3.86
267,2,Thriller,4,390,1.5
267,3,Documentary,3,342,4.0
268,1,Animation,9,623,3.22
268,2,Romance,5,541,4.0
268,3,Action,4,402,2.75
269,1,Thriller,7,672,3.57
269,2,Drama,5,609,3.8
269,3,Sci-Fi,5,446,3.8
270,1,Drama,12,963,3.42
270,2,Romance,8,958,4.25
270,3,Documentary,5,626,3.2
271,1,Drama,9,908,3.78
271,2,Animation,9,746,4.44
271,3,Documentary,6,511,4.5
272,1,Action,7,682,3.86
272,2,Sci-Fi,5,388,4.2
272,3,Comedy,4,288,2.5
273,1,Romance,10,973,3.5
273,2,Crime,6,549,4.0
273,3,Animation,4,478,4.25
274,1,Sci-Fi,8,914,3.75
274,2,Documentary,2,246,2.0
274,3,Horror,2,228,3.0
275,1,Thriller,9,967,3.89
275,2,Comedy,7,706,4.29
275,3,Drama,2,180,4.5
276,1,Drama,9,1077,3.67
276,2,Romance,8,906,4.5
276,3,Sci-Fi,4,393,4.5
277,1,Horror,5,485,4.4
277,2,Documentary,6,434,3.0
277,3,Action,2,270,3.0
278,1,Animation,9,1071,3.22
278,2,Comedy,6,760,3.5
278,3,Thriller,6,679,3.67
279,1,Sci-Fi,9,969,3.89
279,2,Comedy,5,375,4.2
279,3,Animation,4,276,2.0
280,1,Thriller,6,670,4.33
280,2,Romance,5,468,4.2
280,3,Sci-Fi,5,372,4.2
281,1,Action,20,1972,3.8
281,2,Animation,18,1763,4.0
281,3,Documentary,10,1069,3.6
282,1,Sci-Fi,9,893,3.33
282,2,Documentary,3,262,3.67
282,3,Comedy,2,229,1.5
283,1,Horror,17,1489,4.06
283,2,Romance,11,1158,3.64
283,3,Action,6,542,3.17
284,1,Comedy,11,888,3.27
284,2,Romance,8,696,3.5
284,3,Thriller,5,532,4.0
285,1,Comedy,6,720,4.5
285,2,Thriller,6,557,3.83
285,3,Animation,7,486,3.71
286,1,Thriller,5,591,3.6
286,2,Comedy,6,538,3.83
286,3,Drama,3,415,3.0
287,1,Documentary,9,914,4.22
287,2,Horror,8,848,3.63
287,3,Sci-Fi,6,602,3.67
288,1,Crime,6,744,3.83
288,2,Comedy,5,555,2.8
288,3,Documentary,3,306,3.0
289,1,Romance,7,833,3.57
289,2,Action,6,639,4.0
289,3,Sci-Fi,2,233,3.5
290,1,Horror,13,1108,3.77
290,2,Action,8,793,3.13
290,3,Romance,2,311,4.0
291,1,Comedy,6,543,4.5
291,2,Thriller,4,444,4.75
291,3,Action,4,366,2.25
292,1,Animation,7,719,3.71
292,2,Drama,3,308,3.0
292,3,Action,3,289,2.0
293,1,Documentary,9,871,4.11
293,2,Thriller,6,721,4.0
293,3,Comedy,5,390,3.4
294,1,Documentary,6,643,3.67
294,2,Romance,7,570,3.29
294,3,Sci-Fi,4,414,3.25
295,1,Crime,8,837,3.75
295,2,Drama,7,661,4.43
295,3,Action,5,300,3.4
296,1,Drama,9,860,4.0
296,2,Action,9,839,4.22
296,3,Crime,4,365,2.0
297,1,Sci-Fi,6,582,3.67
297,2,Horror,6,573,3.83
297,3,Romance,7,558,4.0
298,1,Horror,4,422,4.75
298,2,Animation,2,257,3.0
298,3,Documentary,2,219,2.0
299,1,Thriller,17,1635,3.76
299,2,Comedy,12,1407,3.83
299,3,Drama,11,1046,3.36
300,1,Drama,8,953,4.63
300,2,Thriller,4,383,3.75
300,3,Romance,3,345,3.33
301,1,Sci-Fi,6,627,3.83
301,2,Romance,4,405,4.25
301,3,Documentary,4,364,4.75
302,1,Comedy,16,1317,3.69
302,2,Action,9,872,4.44
302,3,Animation,4,371,2.75
303,1,Drama,8,805,3.63
303,2,Romance,6,538,4.67
303,3,Comedy,3,396,3.67
304,1,Horror,9,755,3.67
304,2,Thriller,6,556,4.33
304,3,Comedy,3,384,4.33
305,1,Drama,5,555,3.8
305,2,Documentary,5,495,3.8
305,3,Comedy,5,445,4.0
306,1,Horror,10,909,4.3
306,2,Drama,5,434,3.6
306,3,Thriller,3,134,3.67
307,1,Animation,17,1314,3.59
307,2,Sci-Fi,12,1204,3.25
307,3,Crime,8,747,4.0
308,1,Horror,9,955,4.11
308,2,Sci-Fi,6,670,3.5
308,3,Drama,6,478,3.83
309,1,Sci-Fi,7,539,4.29
309,2,Thriller,4,400,4.0
309,3,Crime,2,259,3.0
310,1,Thriller,8,875,3.75
310,2,Romance,5,630,4.4
310,3,Action,5,601,4.4
311,1,Action,7,691,3.57
311,2,Horror,9,682,3.89
311,3,Thriller,3,262,4.0
312,1,Drama,10,902,3.2
312,2,Romance,8,642,3.63
312,3,Action,6,640,4.0
313,1,Animation,4,438,4.25
313,2,Sci-Fi,4,389,3.0
313,3,Horror,3,377,3.67
314,1,Drama,10,1172,3.5
314,2,Action,5,463,3.6
314,3,Horror,4,439,2.0
315,1,Animation,9,900,3.67
315,2,Thriller,7,666,3.43
315,3,Sci-Fi,5,654,4.2
316,1,Crime,9,867,4.33
316,2,Romance,5,500,4.2
316,3,Animation,6,480,3.5
317,1,Crime,9,980,4.0
317,2,Drama,6,512,3.67
317,3,Comedy,3,324,2.67
318,1,Crime,5,543,3.8
318,2,Horror,5,403,3.4
318,3,Documentary,6,346,3.17
319,1,Documentary,9,929,4.0
319,2,Animation,5,562,3.2
319,3,Crime,4,270,4.75
320,1,Action,8,800,3.88
320,2,Thriller,5,605,4.2
320,3,Sci-Fi,6,560,3.17
321,1,Drama,6,659,4.0
321,2,Documentary,4,457,4.0
321,3,Romance,5,409,4.6
322,1,Drama,7,825,4.43
322,2,Action,6,670,3.83
322,3,Animation,3,301,4.0
323,1,Horror,12,1481,4.17
323,2,Crime,9,618,4.0
323,3,Documentary,6,616,3.67
324,1,Animation,13,1189,3.54
324,2,Romance,7,712,3.86
324,3,Thriller,5,449,3.8
325,1,Comedy,7,614,3.86
325,2,Romance,3,279,2.33
325,3,Crime,3,273,4.33
326,1,Action,6,550,4.17
326,2,Crime,5,462,3.0
326,3,Drama,3,430,4.33
327,1,Romance,5,518,4.4
327,2,Sci-Fi,5,505,3.0
327,3,Drama,4,331,4.0
328,1,Thriller,11,1183,3.45
328,2,Romance,5,505,4.0
328,3,Crime,2,170,3.0
329,1,Documentary,8,841,3.5
329,2,Animation,7,601,3.86
329,3,Crime,3,373,4.0
330,1,Documentary,14,1322,3.86
330,2,Drama,13,1200,3.85
330,3,Animation,11,1167,3.45
331,1,Animation,11,1071,3.45
331,2,Romance,4,460,3.5
331,3,Thriller,5,411,3.8
332,1,Horror,6,807,4.0
332,2,Crime,8,716,3.75
332,3,Action,5,498,4.0
333,1,Horror,4,535,3.25
333,2,Drama,3,282,3.67
333,3,Animation,2,230,2.5
334,1,Comedy,8,880,3.63
334,2,Drama,5,544,3.0
334,3,Romance,4,481,3.75
335,1,Romance,11,1072,3.45
335,2,Animation,10,955,3.6
335,3,Drama,5,416,4.2
336,1,Crime,11,869,3.91
336,2,Drama,7,589,3.86
336,3,Documentary,2,285,4.5
337,1,Documentary,8,789,4.38
337,2,Thriller,5,637,4.4
337,3,Crime,2,291,2.0
338,1,Animation,6,557,4.33
338,2,Thriller,4,297,3.25
338,3,Documentary,4,243,4.0
339,1,Drama,6,726,3.67
339,2,Animation,4,260,4.0
339,3,Thriller,4,180,2.75
340,1,Animation,13,900,3.77
340,2,Thriller,8,661,3.75
340,3,Action,3,392,4.0
341,1,Crime,8,841,3.75
341,2,Documentary,7,640,3.14
341,3,Animation,3,283,3.0
342,1,Documentary,8,825,3.88
342,2,Comedy,7,597,4.29
342,3,Sci-Fi,7,401,3.43
343,1,Animation,7,755,3.57
343,2,Documentary,7,748,4.14
343,3,Action,7,718,3.29
344,1,Thriller,6,585,3.17
344,2,Animation,5,410,3.4
344,3,Crime,2,221,3.0
345,1,Horror,9,1018,3.89
345,2,Documentary,5,459,3.6
345,3,Sci-Fi,2,291,2.5
346,1,Crime,9,790,4.22
346,2,Romance,4,539,3.75
346,3,Documentary,3,266,3.0
347,1,Animation,23,2154,3.7
347,2,Thriller,7,744,3.14
347,3,Crime,3,390,2.67
348,1,Action,10,1136,3.6
348,2,Animation,8,930,3.88
348,3,Thriller,4,425,4.0
349,1,Drama,7,596,3.57
349,2,Thriller,7,564,3.71
349,3,Sci-Fi,4,444,3.25
350,1,Animation,15,1714,4.27
350,2,Drama,15,1519,4.2
350,3,Thriller,13,1442,3.46
351,1,Documentary,6,666,3.83
351,2,Animation,5,628,3.0
351,3,Romance,7,618,3.57
352,1,Animation,15,1474,3.4
352,2,Comedy,11,984,4.0
352,3,Horror,7,637,3.57
353,1,Thriller,12,1122,3.67
353,2,Documentary,9,926,4.44
353,3,Comedy,6,587,3.67
354,1,Romance,11,1070,3.82
354,2,Documentary,8,795,4.38
354,3,Crime,5,585,3.8
355,1,Comedy,9,799,3.78
355,2,Thriller,8,770,3.5
355,3,Crime,2,262,3.5
356,1,Horror,10,1251,4.1
356,2,Action,6,523,3.17
356,3,Drama,2,241,3.5
357,1,Romance,16,1562,3.88
357,2,Comedy,5,447,4.2
357,3,Animation,6,389,4.33
358,1,Comedy,5,498,3.4
358,2,Documentary,5,452,4.2
358,3,Action,3,323,3.33
359,1,Animation,12,1086,3.08
359,2,Drama,5,517,3.2
359,3,Horror,3,350,2.67
360,1,Horror,10,1079,4.0
360,2,Sci-Fi,5,630,4.8
360,3,Thriller,6,587,3.67
361,1,Sci-Fi,9,963,3.89
361,2,Animation,5,548,4.2
361,3,Horror,7,542,3.57
362,1,Documentary,12,891,3.75
362,2,Sci-Fi,7,620,3.57
362,3,Crime,4,514,3.75
363,1,Horror,10,1293,4.1
363,2,Comedy,11,967,3.82
363,3,Romance,4,417,4.0
364,1,Thriller,26,2233,3.31
364,2,Comedy,12,1273,3.92
364,3,Horror,10,1149,3.9
365,1,Drama,9,917,4.0
365,2,Action,11,905,3.55
365,3,Animation,5,607,3.8
366,1,Documentary,15,1470,4.13
366,2,Action,7,740,3.86
366,3,Romance,3,275,2.0
367,1,Documentary,5,583,3.4
367,2,Comedy,6,535,3.67
367,3,Crime,3,269,3.33
368,1,Thriller,4,512,4.0
368,2,Sci-Fi,4,452,3.25
368,3,Comedy,2,219,4.0
369,1,Crime,10,1062,3.9
369,2,Comedy,6,614,3.5
369,3,Horror,2,186,3.0
370,1,Drama,6,570,4.0
370,2,Animation,6,465,3.0
370,3,Horror,3,337,3.67
371,1,Thriller,6,596,3.5
371,2,Sci-Fi,4,339,3.5
371,3,Animation,4,314,3.0
372,1,Drama,7,854,4.0
372,2,Thriller,7,721,4.57
372,3,Comedy,4,374,3.75
373,1,Documentary,22,2259,3.45
373,2,Romance,13,1414,3.85
373,3,Crime,12,1181,3.33
374,1,Sci-Fi,10,995,4.0
374,2,Crime,8,713,3.5
374,3,Action,6,636,4.33
375,1,Action,10,1138,3.7
375,2,Animation,7,593,3.57
375,3,Romance,4,458,4.0
376,1,Comedy,9,756,3.56
376,2,Sci-Fi,6,581,3.67
376,3,Drama,3,253,3.67
377,1,Crime,5,711,3.6
377,2,Horror,6,672,3.67
377,3,Animation,5,428,3.4
378,1,Drama,15,1630,3.67
378,2,Thriller,12,1341,4.08
378,3,Documentary,3,348,3.33
379,1,Sci-Fi,12,1060,4.17
379,2,Comedy,8,768,4.75
379,3,Drama,9,756,3.78
380,1,Action,13,1555,3.77
380,2,Horror,3,272,3.67
380,3,Comedy,1,143,5.0
381,1,Comedy,7,704,4.57
381,2,Romance,2,271,3.5
381,3,Drama,4,252,4.0
382,1,Thriller,10,813,4.0
382,2,Action,4,379,3.5
382,3,Comedy,4,346,4.25
383,1,Horror,19,2025,4.05
383,2,Comedy,12,1068,4.17
383,3,Action,7,729,4.14
384,1,Crime,4,552,4.0
384,2,Horror,5,379,4.4
384,3,Animation,3,193,4.0
385,1,Comedy,4,451,4.0
385,2,Action,4,358,3.75
385,3,Sci-Fi,4,286,3.5
386,1,Sci-Fi,6,613,4.83
386,2,Thriller,6,538,3.17
386,3,Documentary,5,440,3.4
387,1,Documentary,14,1418,3.71
387,2,Thriller,12,1062,3.75
387,3,Horror,3,293,4.33
388,1,Drama,9,841,4.67
388,2,Horror,5,565,4.6
388,3,Comedy,2,256,3.5
389,1,Horror,5,704,4.6
389,2,Action,5,633,4.4
389,3,Drama,2,235,2.0
390,1,Drama,11,1159,4.18
390,2,Action,8,828,3.75
390,3,Thriller,8,718,3.0
391,1,Comedy,6,591,4.17
391,2,Animation,3,345,2.67
391,3,Thriller,1,164,2.0
392,1,Crime,8,838,4.5
392,2,Romance,3,373,4.0
392,3,Sci-Fi,3,366,3.33
393,1,Drama,7,655,4.14
393,2,Sci-Fi,6,517,3.5
393,3,Crime,5,505,3.4
394,1,Crime,13,1316,3.92
394,2,Horror,6,685,4.5
394,3,Sci-Fi,6,667,4.0
395,1,Romance,8,554,3.63
395,2,Sci-Fi,4,487,2.75
395,3,Animation,5,434,3.8
396,1,Action,10,730,3.8
396,2,Comedy,8,530,3.63
396,3,Sci-Fi,4,424,3.25
397,1,Drama,11,1250,4.73
397,2,Crime,8,602,3.38
397,3,Action,4,367,2.0
398,1,Horror,5,462,3.6
398,2,Comedy,5,349,3.2
398,3,Thriller,3,348,3.67
399,1,Crime,9,679,3.44
399,2,Romance,6,654,4.17
399,3,Thriller,7,652,3.71
400,1,Thriller,10,793,3.6
400,2,Drama,9,589,3.67
400,3,Sci-Fi,5,561,3.8
401,1,Comedy,15,1516,3.27
401,2,Romance,5,493,4.0
401,3,Sci-Fi,3,354,5.0
402,1,Thriller,14,1291,3.64
402,2,Action,7,605,4.14
402,3,Documentary,3,394,4.33
403,1,Comedy,17,1528,3.59
403,2,Sci-Fi,13,1249,3.92
403,3,Animation,8,848,4.13
404,1,Documentary,5,552,4.4
404,2,Crime,4,387,3.5
404,3,Sci-Fi,3,327,3.33
405,1,Action,6,545,4.5
405,2,Crime,2,326,4.0
405,3,Animation,1,144,2.0
406,1,Drama,6,524,3.0
406,2,Crime,3,353,5.0
406,3,Comedy,3,308,3.67
407,1,Comedy,9,981,3.89
407,2,Sci-Fi,5,518,3.4
407,3,Thriller,4,400,2.75
408,1,Thriller,25,2765,4.32
408,2,Crime,11,1063,4.36
408,3,Comedy,10,956,4.4
409,1,Animation,9,773,3.44
409,2,Comedy,4,350,4.5
409,3,Sci-Fi,2,267,4.0
410,1,Sci-Fi,7,714,3.86
410,2,Crime,6,481,4.0
410,3,Documentary,4,342,3.75
411,1,Action,11,1016,3.73
411,2,Sci-Fi,8,618,3.5
411,3,Horror,7,565,4.0
412,1,Animation,9,742,4.11
412,2,Horror,2,305,3.5
412,3,Romance,1,164,3.0
413,1,Thriller,10,895,3.9
413,2,Sci-Fi,6,691,3.83
413,3,Action,6,574,3.83
414,1,Sci-Fi,15,1517,3.73
414,2,Thriller,13,1416,4.46
414,3,Drama,11,1049,3.64
415,1,Documentary,8,1002,4.0
415,2,Sci-Fi,7,648,3.71
415,3,Romance,5,406,4.8
416,1,Drama,5,342,3.6
416,2,Action,2,261,2.5
416,3,Horror,3,193,4.0
417,1,Drama,7,833,4.14
417,2,Documentary,6,455,4.0
417,3,Action,2,222,2.5
418,1,Action,13,1500,4.0
418,2,Animation,10,1028,4.2
418,3,Crime,5,458,3.8
419,1,Romance,7,669,3.57
419,2,Horror,7,589,3.86
419,3,Comedy,5,454,4.6
420,1,Thriller,10,811,4.1
420,2,Action,9,690,3.67
420,3,Horror,4,469,4.25
421,1,Documentary,9,883,3.33
421,2,Action,3,391,2.33
421,3,Sci-Fi,3,302,4.0
422,1,Animation,11,1192,3.55
422,2,Comedy,6,538,3.17
422,3,Romance,4,284,2.5
423,1,Romance,11,1118,3.36
423,2,Horror,11,1101,3.09
423,3,Comedy,3,421,2.0
424,1,Horror,8,798,3.38
424,2,Documentary,7,778,3.86
424,3,Crime,4,402,3.75
425,1,Thriller,11,1408,4.45
425,2,Drama,14,1374,3.57
425,3,Crime,8,583,3.38
426,1,Comedy,6,676,3.83
426,2,Action,4,378,3.25
426,3,Thriller,2,194,3.0
427,1,Thriller,13,1085,3.23
427,2,Crime,11,1046,3.91
427,3,Romance,1,162,1.0
428,1,Thriller,14,1124,3.64
428,2,Romance,8,789,3.5
428,3,Crime,4,498,3.5
429,1,Drama,23,2434,3.61
429,2,Animation,14,1374,4.07
429,3,Romance,7,789,4.0
430,1,Horror,12,1405,4.33
430,2,Documentary,6,408,3.67
430,3,Drama,6,400,3.0
431,1,Action,6,621,3.83
431,2,Romance,7,586,4.0
431,3,Crime,2,235,1.5
432,1,Horror,5,571,4.4
432,2,Crime,4,455,4.5
432,3,Sci-Fi,3,338,3.67
433,1,Comedy,11,1019,4.0
433,2,Romance,7,699,3.14
433,3,Drama,4,434,3.25
434,1,Horror,9,1012,3.78
434,2,Documentary,8,975,4.0
434,3,Crime,5,583,4.0
435,1,Horror,7,671,3.43
435,2,Thriller,3,312,4.0
435,3,Action,2,215,3.0
436,1,Documentary,6,704,4.17
436,2,Comedy,4,328,1.75
436,3,Thriller,4,313,3.25
437,1,Action,5,437,3.4
437,2,Comedy,4,336,4.25
437,3,Thriller,3,335,2.0
438,1,Sci-Fi,9,847,3.33
438,2,Drama,5,596,4.0
438,3,Thriller,5,390,4.8
439,1,Animation,14,1244,3.57
439,2,Romance,7,825,4.14
439,3,Crime,7,706,4.43
440,1,Action,8,744,4.5
440,2,Romance,9,719,3.78
440,3,Animation,9,629,4.0
441,1,Sci-Fi,9,918,3.11
441,2,Crime,6,659,3.5
441,3,Drama,5,543,4.6
442,1,Drama,12,1220,3.17
442,2,Horror,8,721,3.88
442,3,Sci-Fi,2,163,3.5
443,1,Thriller,11,925,3.91
443,2,Romance,7,816,4.0
443,3,Drama,5,532,4.0
444,1,Action,19,2346,3.58
444,2,Animation,18,1770,3.28
444,3,Crime,9,856,4.22
445,1,Sci-Fi,13,1593,4.23
445,2,Animation,4,417,2.75
445,3,Documentary,3,256,3.67
446,1,Horror,9,986,3.78
446,2,Action,10,985,3.3
446,3,Romance,2,214,3.0
447,1,Horror,9,660,4.0
447,2,Action,5,494,3.8
447,3,Romance,4,388,4.0
448,1,Animation,10,884,3.3
448,2,Comedy,6,389,4.17
448,3,Documentary,2,215,2.0
449,1,Documentary,4,420,3.25
449,2,Romance,2,201,5.0
449,3,Crime,2,175,3.5
450,1,Action,10,970,4.4
450,2,Comedy,8,669,4.0
450,3,Thriller,3,373,3.33
451,1,Comedy,7,834,3.57
451,2,Documentary,7,802,3.57
451,3,Sci-Fi,3,429,3.33
452,1,Action,7,552,4.14
452,2,Sci-Fi,3,404,2.33
452,3,Documentary,3,375,4.67
453,1,Action,7,807,3.14
453,2,Romance,4,535,3.5
453,3,Thriller,4,526,3.5
454,1,Crime,5,605,3.6
454,2,Romance,3,366,3.67
454,3,Drama,4,352,3.5
455,1,Sci-Fi,7,665,3.86
455,2,Animation,7,664,3.29
455,3,Documentary,6,639,3.83
456,1,Horror,5,445,3.8
456,2,Thriller,3,288,4.33
456,3,Drama,2,201,4.0
457,1,Animation,4,470,4.75
457,2,Action,5,285,3.8
457,3,Sci-Fi,2,262,4.0
458,1,Sci-Fi,15,1422,3.87
458,2,Drama,10,957,3.3
458,3,Animation,7,674,3.43
459,1,Animation,7,708,4.29
459,2,Romance,6,620,3.83
459,3,Documentary,5,398,3.8
460,1,Romance,7,784,4.14
460,2,Crime,5,398,3.8
460,3,Action,2,165,3.0
461,1,Documentary,7,623,4.14
461,2,Action,4,472,3.75
461,3,Romance,2,281,2.5
462,1,Thriller,13,1333,3.92
462,2,Animation,9,917,4.44
462,3,Crime,10,914,4.1
463,1,Action,14,1679,4.14
463,2,Horror,8,862,3.75
463,3,Comedy,5,530,3.8
464,1,Action,14,1382,4.0
464,2,Thriller,13,1336,3.54
464,3,Animation,4,425,2.5
465,1,Documentary,11,991,3.45
465,2,Romance,7,579,3.71
465,3,Comedy,5,462,4.2
466,1,Romance,10,911,3.3
466,2,Action,10,906,3.8
466,3,Documentary,10,865,3.9
467,1,Sci-Fi,12,1289,3.5
467,2,Documentary,6,495,3.83
467,3,Crime,3,332,4.0
468,1,Action,15,1561,3.73
468,2,Animation,15,1553,3.67
468,3,Horror,6,541,3.5
469,1,Comedy,15,1454,4.0
469,2,Horror,12,1234,4.08
469,3,Drama,10,1059,4.2
470,1,Animation,14,1358,3.57
470,2,Horror,2,285,5.0
470,3,Action,1,163,2.0
471,1,Crime,10,1225,3.9
471,2,Romance,10,1065,3.8
471,3,Comedy,5,334,3.6
472,1,Sci-Fi,8,606,2.88
472,2,Crime,3,251,3.67
472,3,Thriller,2,205,2.5
473,1,Sci-Fi,13,1260,3.92
473,2,Thriller,3,320,4.33
473,3,Drama,4,291,3.75
474,1,Thriller,11,1355,4.18
474,2,Romance,7,815,4.0
474,3,Documentary,7,586,3.29
475,1,Sci-Fi,5,457,4.2
475,2,Horror,4,422,4.0
475,3,Documentary,2,221,3.0
476,1,Documentary,19,1729,3.47
476,2,Comedy,6,557,4.17
476,3,Thriller,6,507,3.83
477,1,Documentary,9,816,3.89
477,2,Thriller,6,628,3.33
477,3,Sci-Fi,2,315,3.0
478,1,Documentary,5,655,4.0
478,2,Drama,5,478,3.4
478,3,Crime,4,411,3.5
479,1,Horror,6,589,3.67
479,2,Romance,5,470,3.8
479,3,Action,3,414,3.33
480,1,Animation,8,1014,3.88
480,2,Thriller,6,600,3.83
480,3,Horror,6,417,3.17
481,1,Comedy,13,1027,3.54
481,2,Sci-Fi,3,384,4.0
481,3,Thriller,3,199,3.0
482,1,Sci-Fi,6,653,3.67
482,2,Animation,3,336,4.33
482,3,Comedy,3,313,2.67
483,1,Sci-Fi,9,924,4.44
483,2,Drama,9,889,4.0
483,3,Horror,7,707,4.14
484,1,Drama,8,846,3.5
484,2,Crime,9,623,3.78
484,3,Romance,3,276,3.33
485,1,Documentary,14,1413,3.5
485,2,Drama,15,1196,3.93
485,3,Animation,9,849,3.22
486,1,Romance,9,909,3.67
486,2,Crime,7,729,4.14
486,3,Drama,7,725,3.57
487,1,Crime,10,917,4.2
487,2,Romance,7,608,3.71
487,3,Drama,5,436,3.2
488,1,Action,10,971,4.1
488,2,Documentary,9,896,3.33
488,3,Crime,3,284,1.67
489,1,Comedy,9,1099,3.56
489,2,Action,5,516,4.6
489,3,Sci-Fi,3,333,4.33
490,1,Thriller,13,1042,3.23
490,2,Comedy,7,636,3.86
490,3,Drama,6,631,4.17
491,1,Animation,4,517,4.5
491,2,Action,6,510,3.17
491,3,Horror,1,157,5.0
492,1,Animation,11,1048,4.09
492,2,Crime,6,458,4.33
492,3,Documentary,1,121,5.0
493,1,Thriller,8,939,4.13
493,2,Sci-Fi,7,614,4.14
493,3,Action,4,351,1.75
494,1,Romance,8,576,4.25
494,2,Horror,6,429,3.83
494,3,Documentary,3,257,3.67
495,1,Thriller,19,1713,4.05
495,2,Sci-Fi,15,1442,3.13
495,3,Drama,11,1124,4.09
496,1,Romance,10,1064,4.1
496,2,Animation,7,431,3.57
496,3,Thriller,4,397,3.5
497,1,Romance,8,787,3.63
497,2,Thriller,8,777,3.75
497,3,Drama,7,682,3.71
498,1,Comedy,9,819,3.56
498,2,Documentary,10,798,4.0
498,3,Drama,6,524,4.17
499,1,Sci-Fi,13,1158,4.0
499,2,Animation,3,248,3.0
499,3,Action,3,226,3.33
500,1,Drama,6,504,4.0
500,2,Animation,4,371,4.0
500,3,Comedy,2,309,5.0
501,1,Comedy,7,870,3.57
501,2,Animation,9,787,4.0
501,3,Drama,6,647,3.67
502,1,Sci-Fi,6,644,4.0
502,2,Animation,4,375,3.75
502,3,Horror,3,206,3.0
503,1,Action,8,632,3.5
503,2,Comedy,6,601,4.33
503,3,Crime,4,513,4.75
504,1,Horror,17,1651,3.82
504,2,Thriller,9,730,3.11
504,3,Romance,7,540,3.71
505,1,Drama,29,3371,3.76
505,2,Sci-Fi,20,2181,3.85
505,3,Action,13,1405,4.15
506,1,Crime,10,893,4.1
506,2,Comedy,4,347,3.75
506,3,Sci-Fi,2,239,3.0
507,1,Thriller,6,568,4.0
507,2,Animation,6,542,4.33
507,3,Sci-Fi,5,349,3.6
508,1,Comedy,9,956,3.67
508,2,Crime,7,623,4.14
508,3,Thriller,2,241,3.5
509,1,Comedy,9,977,4.56
509,2,Action,9,765,3.78
509,3,Crime,2,314,3.5
510,1,Horror,24,2332,3.71
510,2,Romance,10,1103,3.9
510,3,Crime,8,782,3.75
511,1,Crime,8,783,4.38
511,2,Action,8,696,4.0
511,3,Romance,5,509,4.4
512,1,Documentary,8,781,3.63
512,2,Sci-Fi,7,704,3.57
512,3,Comedy,1,122,4.0
513,1,Thriller,15,1138,3.8
513,2,Horror,3,300,2.67
513,3,Drama,2,275,3.0
514,1,Romance,11,1176,4.27
514,2,Horror,8,725,4.38
514,3,Thriller,1,100,1.0
515,1,Romance,8,839,4.38
515,2,Drama,6,692,2.83
515,3,Crime,5,342,3.8
516,1,Comedy,13,1245,3.54
516,2,Animation,5,486,4.2
516,3,Horror,5,415,4.2
517,1,Thriller,17,1632,3.71
517,2,Crime,7,933,3.14
517,3,Comedy,10,916,3.9
518,1,Action,10,1110,3.8
518,2,Comedy,10,1015,4.0
518,3,Romance,6,577,4.0
519,1,Crime,6,566,3.5
519,2,Horror,5,463,3.8
519,3,Action,5,423,3.6
520,1,Horror,12,1259,3.75
520,2,Drama,6,639,3.67
520,3,Romance,3,335,3.0
521,1,Thriller,15,1788,4.4
521,2,Action,13,1365,3.69
521,3,Drama,8,744,4.38
522,1,Documentary,10,782,3.7
522,2,Animation,5,633,4.2
522,3,Horror,3,339,3.0
523,1,Comedy,6,830,3.33
523,2,Animation,6,591,3.67
523,3,Drama,4,299,3.25
524,1,Drama,12,1178,3.92
524,2,Thriller,6,578,3.67
524,3,Animation,2,279,2.5
525,1,Documentary,10,1061,3.7
525,2,Horror,7,602,4.71
525,3,Action,2,303,3.5
526,1,Action,6,647,4.33
526,2,Animation,5,559,4.6
526,3,Horror,1,122,1.0
527,1,Thriller,6,611,4.17
527,2,Documentary,4,419,4.0
527,3,Comedy,2,221,2.0
528,1,Comedy,8,789,4.13
528,2,Sci-Fi,3,252,3.67
528,3,Romance,2,244,3.5
529,1,Horror,8,702,3.63
529,2,Action,6,601,3.67
529,3,Sci-Fi,2,200,4.5
530,1,Horror,6,578,3.67
530,2,Thriller,7,411,3.86
530,3,Comedy,2,185,2.0
531,1,Thriller,10,1141,3.6
531,2,Comedy,7,706,4.14
531,3,Action,2,225,3.0
532,1,Thriller,6,525,4.0
532,2,Comedy,4,449,4.25
532,3,Sci-Fi,5,289,3.6
533,1,Horror,7,776,4.14
533,2,Animation,6,711,4.0
533,3,Crime,5,483,5.0
534,1,Thriller,7,753,3.71
534,2,Drama,2,283,3.5
534,3,Sci-Fi,4,210,3.75
535,1,Animation,14,1206,3.36
535,2,Drama,11,1096,3.73
535,3,Thriller,11,964,3.45
536,1,Horror,7,475,3.71
536,2,Comedy,5,421,3.8
536,3,Animation,5,389,4.0
537,1,Sci-Fi,7,870,3.86
537,2,Drama,9,827,4.11
537,3,Horror,6,671,4.33
538,1,Comedy,9,836,3.0
538,2,Action,5,466,4.4
538,3,Crime,3,425,1.67
539,1,Drama,9,988,3.89
539,2,Crime,6,565,2.67
539,3,Romance,3,242,2.67
540,1,Crime,6,538,3.67
540,2,Comedy,6,417,3.67
540,3,Action,3,387,2.0
541,1,Horror,4,430,5.0
541,2,Sci-Fi,4,421,3.25
541,3,Romance,3,265,4.67
542,1,Sci-Fi,7,725,3.43
542,2,Documentary,6,394,4.0
542,3,Action,2,265,3.0
543,1,Drama,4,518,3.75
543,2,Sci-Fi,3,318,2.0
543,3,Crime,3,245,4.33
544,1,Thriller,11,1186,3.82
544,2,Crime,10,643,3.2
544,3,Horror,5,365,4.0
545,1,Horror,7,831,4.14
545,2,Documentary,4,528,3.0
545,3,Thriller,5,441,3.2
546,1,Horror,12,1090,4.33
546,2,Documentary,3,220,3.33
546,3,Romance,2,138,3.0
547,1,Documentary,15,1773,3.33
547,2,Action,7,612,3.29
547,3,Drama,5,470,4.4
548,1,Crime,9,773,3.67
548,2,Romance,8,580,4.0
548,3,Sci-Fi,4,416,4.0
549,1,Sci-Fi,17,1816,3.65
549,2,Romance,8,1047,3.88
549,3,Comedy,5,465,3.8
550,1,Animation,3,451,3.0
550,2,Horror,4,273,4.75
550,3,Documentary,2,244,3.5
